transaction_id,timestamp,from_address,to_address,amount_btc,amount_usd,transaction_type,blockchain,is_flagged,confidence_score
TX_000005,2024-02-26,0x45e6082390ca9211d072f25c7ce883d41a872abc,0x34ed71929bc4abb8f9a4ed8f394e834433a4b5f6,1.1785294313549852,1349.6083116699442,exchange,monero,1,0.2016125310557591
TX_000011,2024-12-20,0x0db7bc4ef4a352842a09b5e1c2f087b1ebfa7bd8,0xde7b97b487f08cdd48899f276e6b9111fca1d361,0.3965492348908689,8951.58928776197,mixing,monero,1,0.4439196283115127
TX_000018,2024-06-06,0x5cb2c174e02973fd69bdd16445c8d5bced768316,0x2741136d9381535989b8882bad82924580e7dd39,0.3803848096366857,295.22027154015257,payment,ethereum,1,0.8229645202930234
TX_000022,2024-04-16,0x14067cf54e5e10669a9d11097e70ba78d3002efd,0xf68dc4d045da17c1ed8dc127a50ef34da202c810,0.641336160560301,3251.127242860108,exchange,monero,1,0.7863681693444088
TX_000030,2024-08-09,0x2870a5863c0b1b4baf4757125bc925516b150216,0x169a69849395b11fb866c4689480ceb263e1bd26,0.5965630786248861,12892.64717477058,transfer,ethereum,1,0.7944680796849007
TX_000038,2024-09-06,0xe43f649d313fb1728c3c5949c08f078801bfc091,0x6a90804f6b71d03be39b50d024b54ccc481bb058,0.8815144078837777,1945.4244542860083,transfer,monero,1,0.9661910922008792
TX_000039,2024-06-09,0x9fb74ba617a570e0b67c24fb0647c786a0c27270,0x67493520a3830d36295ed0a32d0f2e345115f402,0.2817875303235174,810.7868124886305,payment,bitcoin,1,0.0940155502935844
TX_000054,2024-08-06,0xe187d27b093256368a1a242a7b977bb8344768ee,0x363290db8ca0ac0e0d4f669f0585e3e98fc2c933,0.1260984262417107,1326.813682118073,mixing,monero,1,0.0812266585997831
TX_000056,2024-02-02,0xbad6f0ec644dc13b59ea6fa482038319dd42cbc8,0x17d580468da83c3e3274695d8d2521f2119a69fe,0.9707922264706343,2531.862306325329,transfer,monero,1,0.1651401375723203
TX_000058,2024-01-17,0x86ff504badea203cf11277be6583b0766fe2398e,0xd168b4b5c9a2c94cfe4275c2090ca9b19f4600f3,1.241084061226185,978.6529969282428,mixing,monero,1,0.1413286716273772
TX_000065,2024-07-17,0x440fd9a5d8874080742a6686cfad2acedc07b2b7,0x7d252e5b3dae6a90ff0e48437c406ae394c5c6a1,0.2334901076386107,5370.676975432599,transfer,monero,1,0.1185292728488124
TX_000073,2024-10-24,0x02b17587924647b404352efa41a5ceb545a6b407,0xb0f6e2b3547144e2d9eec43a4986028339522e8c,0.4078900492906074,5769.869656590389,payment,monero,1,0.605043280615374
TX_000083,2024-01-24,0xa57503c6cc18776312b5bb4b755034ba2c805594,0x43e2b2143ff51175242a1f20d6545722b44da0ff,0.0391468260149625,7956.00010159329,mixing,monero,1,0.7734598850130467
TX_000091,2024-09-17,0xfb9ea479b7167fa54a8c2bcc938576a120f8c602,0xb94c7fe88000080658a838deffcd548e68439248,0.6694091212733333,18266.9764012209,exchange,bitcoin,1,0.5455409521334332
TX_000100,2024-01-12,0x28476d7621f62213f7b00bd4a4ab05048bd457a0,0x2e15fbd235fbcb5b1cc2c81283e0ac1e28e8fae5,1.015194542936826,6303.146307017306,payment,ethereum,1,0.6417924654568271
TX_000117,2024-03-09,0x39445d9b9cca5f77a87ca1ddb9baef0911b2961d,0xac27ebb8aa60fbbcc56b59ac1c825f5f7c3e508b,0.4269798072695919,658.3105307854325,payment,bitcoin,1,0.3124313446683807
TX_000121,2024-11-23,0xd710f3f6efa922f44c9283cce2a19ca83f267ad1,0x9e0ba549662687294ccd71dd6a996abdc707d02f,0.2933275287994663,3897.1253249570736,payment,bitcoin,1,0.0089228050815645
TX_000138,2024-05-12,0x54dc035ce99d3ed84789450afbe63a14b2576f27,0xbe96957cd5619d158fd2a9ddc7e4c5f5ab9ac2aa,0.2409450032186103,24797.7737087082,mixing,ethereum,1,0.1329287366496236
TX_000148,2024-01-19,0x02124a9f58baeef9bbc36519aaaee76ee6de7bbc,0x58b94ae556844393fb7c1971e09ce8a753172934,0.481287662541379,444.98258958018926,payment,monero,1,0.7528350841427777
TX_000154,2024-12-25,0xb970c7859e45fc5831aa8f1f981b78b989f81f36,0xc8a2360c00b7c52f96542dff3eccaa0f841ba8b6,0.3485163802681967,6777.340147337087,mixing,ethereum,1,0.5831002653751526
TX_000168,2024-01-15,0xf46494fa9a69e6cae229bce25be5cc2277693e32,0xc6b6da98b72dc5a5428635401088f47930cc36a1,0.4022694153295046,7176.43063976202,transfer,monero,1,0.6193273971572378
TX_000175,2024-03-04,0x0b8189185a8c55cad1726420721f03c7c2d038c0,0x28d6661a397b1c397efbf2b5b177bc02de166f3b,2.956790990809334,3232.824699629984,mixing,monero,1,0.9270254927562308
TX_000185,2024-08-28,0x5104d87dc34c4524f19f0a0f9613461d5068443f,0x562df55703fe071727506c65e04f0f0f5701e47a,0.3535418821476676,9826.983315694602,transfer,monero,1,0.0235789505565968
TX_000188,2024-07-12,0x7196755903d031ac49d8aeb92725f37a5705007f,0x38bf64cad506fb4644247d71a01a6273997d1cde,0.495598956910953,5148.726639697456,exchange,monero,1,0.173951139577533
TX_000189,2024-03-29,0xe625e86b2ddc5a3dc28910edf16905d68ed75276,0x450ed0d84eed3d0e2c3afa4d9bd497cc26dfc59a,0.682703399384045,829.5960481312611,exchange,monero,1,0.8114844246061533
TX_000193,2024-08-19,0xfe1a680cd3f569691d34db0092ee92fb7f8fedab,0x834186256fdb59a95ce7d74d3a48b9522d0ee457,3.116502641571697,8974.79218061113,payment,monero,1,0.9033279216189536
TX_000225,2024-03-30,0x127eac6c158ef3811f8b660ca5c6ad551f538eb0,0x0b5cfe330485e7fa38f6dd67f1b56270092561d5,0.8914273068346932,744.4970259080478,exchange,bitcoin,1,0.9991571081942736
TX_000228,2024-11-21,0x263d27fc3a059aa046e5d1a3ae1a0e22eb608a53,0x21bca6525e650bd085b1ea0ab174661f3164015d,0.4544557596713238,27771.187823157143,exchange,bitcoin,1,0.9049316080587572
TX_000238,2024-08-23,0x099f9a04c98003318d8cc1d8e579cec31180b6fa,0x8162ebe54c57d2f170190f47133aa608259d438a,0.0996802084389367,8606.879795951494,transfer,bitcoin,1,0.148614362686802
TX_000241,2024-12-14,0xd499b9f7ae814d6e5562c298d745ab909b031a61,0xc352c8165de1a25930027a3a07950b9950e99213,0.7250288547485916,603.2885086189041,mixing,monero,1,0.9160493395995208
TX_000248,2024-12-17,0x4a9a56fb3bc0ea7932b6b17d56d484a42a017e06,0x3e496c5c33191b343d2a13dfa4f0ec054a30bd6e,2.5483985269117624,6274.801370037004,mixing,monero,1,0.5090606883003467
TX_000262,2024-02-21,0xc6d19298f218fc983db8266efa79e322eb4aed0f,0x352fa721e6df2c8e2e7180b2ad1cdcbe64e7176b,0.2158859060016866,2288.100563436729,mixing,monero,1,0.4737134151488451
TX_000268,2024-05-11,0x387b01cec1bbaee7e039b4867ffda8c64ce4f9a5,0x173a4ac744f5efe68fda65eb93da9b1acae89a4f,0.0747444239647636,7715.818307888167,exchange,monero,1,0.0606632939347996
TX_000277,2024-08-25,0x95084cbd6880e02519ba00c4303218dea06dc349,0xe1156dc1d32c481c4753e9723a845bfa1876844a,0.4309507943623402,5061.483865323316,mixing,monero,1,0.6574195508748442
TX_000284,2024-07-30,0xd00a22ac409569bca239a9dbe9dff9f9207c9910,0x3e9938735697304fd0aa366081450fdb16555dd6,1.3231353855759564,4354.313159599752,transfer,ethereum,1,0.8736523542992757
TX_000294,2024-02-16,0x8089632d9ead5bc0f21ac82c13ed105e9799f1d8,0x6ec8c31f1163303513a6c817d571da06c88ef1f3,1.0823262961709343,3906.3738439279937,transfer,bitcoin,1,0.7364733452492555
TX_000295,2024-07-09,0xec27b7e22be5030d28dd4b4fa324eda373ab75ed,0xc0a613b1065f1d3ba2b22a300642849280d8d451,0.7707357072468406,4460.004751449358,transfer,ethereum,1,0.2056200663436163
TX_000304,2024-09-22,0x6ff3ecb1b27c7aa5e98ab83fb00eb9e4dc1e5605,0x7a329b2456c463458f59da0ba6daca251edbff60,0.1740506283056649,2338.24198545825,exchange,bitcoin,1,0.9256189177484868
TX_000310,2024-06-09,0x7e9695d082d46e62e3967186fc75583aa48036ae,0xc69e9629d24b48c894bd45cc75daccfbdf580d3f,0.0568399273163825,3399.988712690366,exchange,monero,1,0.4253998537813215
TX_000312,2024-01-10,0x7dff6317a45da6ee9073c80a1d5a9ad037e9f4c8,0x497bd86566255a80cf6f09cf3c6554a68d596865,0.2366189787987553,5547.48085901764,mixing,monero,1,0.7892093058948786
TX_000316,2024-05-29,0x5b0d8bced2a59c9eabdeff8ac24cd49f63a368ea,0x13eac5653923b43202a4cde5bfdc309c6fc8ec5d,1.7359321771515923,947.7875532843042,exchange,monero,1,0.3858359247580685
TX_000317,2024-03-04,0xf33556e0cad28554af2a4d023ff4983290c9569e,0x5f83f44dbf47a09ae9a2e7ea81b3df7f40f5d88a,0.9763145953729848,2293.715421374554,exchange,monero,1,0.6129863862533677
TX_000324,2024-12-14,0x1310b26cfc0107472cb67e5cc6db1f746040bc7e,0x42cad7fddb5402620764b9456fc2abdeb3069165,1.2034446051350898,1912.267392050231,payment,bitcoin,1,0.8814371749423491
TX_000329,2024-03-31,0xf245888a0b8c7f1ca00b5864af101025c7298946,0x8fd5f8b98bc3a455913b8e685a68dbfe38e2dbda,0.4552070629559816,8573.071236726233,mixing,bitcoin,1,0.941703134706335
TX_000331,2024-10-03,0x774b82208517b8811c6a3c071d24d266d1cc6a59,0x698f0b6ab0402f7ce3b007ed73e39a11b5f7662b,0.0247155499347468,5160.390243633219,transfer,ethereum,1,0.7942006782573834
TX_000332,2024-01-06,0x8cf816f4c5f06530831f714a5ac7a00b34cec8ad,0x196e30034402596ae073c8aa5e012196b08137a2,0.31397509487596,1839.772699023036,transfer,bitcoin,1,0.705038717544494
TX_000333,2024-02-12,0x667e440d8582f419f4eccfced7a17399e0c4c067,0x86e9bb22e4494bcf885aa697857197eca17126a8,1.2804853207192264,6206.3931181425405,mixing,ethereum,1,0.2808028885475818
TX_000352,2024-08-28,0x00f919e2b0d4ee207ba58288febecb02573485b6,0x8ef1ca95e8ed27d4f6cb271c7161605963afa0b5,0.11800581962618,1355.949461908894,transfer,monero,1,0.5179519781075482
TX_000355,2024-08-22,0xa99bd87a3b6928931941d9f5a90d532168b2f58f,0xa2c6527f0472ac9ab59a181429fb886948619099,2.736319027453967,1920.4439868603756,transfer,bitcoin,1,0.0178178444702954
TX_000374,2024-01-26,0x5ccb87e3cab46748d9b33c7074cda03137406082,0x983c3f8e3937a38a7487d93303bc7bb4f53df49f,0.1817721952891084,10745.539495821144,transfer,ethereum,1,0.0600067649847612
TX_000380,2024-02-13,0x94e96d97b8f5ea878938e6440192dd75b9aced4c,0x212f3859e4c87526ec95fbfeadfe7b5da939fb66,0.0924043770716776,2823.144529827887,transfer,bitcoin,1,0.3622472304368498
TX_000382,2024-08-17,0xa7cf43c880174f60b9b4ab29bbd118c3f369f9c1,0xc0c360b7fdfa17eac370eb4862f396d5cc32a19b,0.2962622213728575,364.0765040300284,transfer,monero,1,0.3890939977447432
TX_000385,2024-10-20,0xb895f5805b4cafe5da741bb19f4292760bcb4f83,0x1ea9bc06d357a6cd65a338a48eab8311882e441f,1.3220081088376845,3448.2027994069435,mixing,monero,1,0.81838797964195
TX_000389,2024-10-21,0x9d3394cc2e76492e42f94f0f59ff33f713e109cc,0xa45f4c296b01adb8d3786045da79ec7cbd88fe35,0.0839103030164297,431.71037446110506,payment,ethereum,1,0.6030747041042436
TX_000399,2024-10-02,0xa887f9aefbbed2bf14020c2fc36bfeb44c07c39f,0xf85cc495cbfdab869f29943a47ad534a6d741582,0.0965635230450936,1288.143683847117,payment,ethereum,1,0.9393231394453296
TX_000407,2024-01-04,0xb99949147527ed84c11609b19303cbac9e480b41,0x72e73e72f207785b1079f3ada6d9eb3079d89e88,1.0006979302032406,28982.526271890078,transfer,monero,1,0.5847749786665273
TX_000409,2024-02-03,0x08e8590718d72c48c08fe33e39b8d5a7bd3f2d09,0xb4a2ba317b1dca5d66c078dd6c73b72c0ccf7eab,1.140217237766105,2505.51524198906,payment,monero,1,0.4358271133470933
TX_000410,2024-04-26,0xee63d7fd204d12d522b54980cf22faf5722575cb,0x582788bdd6ba92210c14f093a990b97b49f3285b,0.0480355090886464,5642.21220072579,exchange,bitcoin,1,0.9125240853852262
TX_000415,2024-06-12,0x30e4aa774dff91b506a3f45fa089374a7e07aca3,0x9d3c8a1a7ab0b72de40052735c9b8d7397e6466d,0.454159195468841,2748.911841843043,transfer,ethereum,1,0.8926368164720639
TX_000423,2024-06-29,0x99430339308d2c34cc6f547fd06b5af4f62081c9,0x88ed99f710713fb3136595314ac223aa4a15e571,1.4162212423953335,2000.131114328008,mixing,monero,1,0.2850027299510297
TX_000429,2024-02-12,0x4f528a4c195b7a53577c9175f105c6dd94d97acb,0x3a253ac14dc3e4b83530e1578352b87fbe0c19fd,0.426439156935716,21695.481860511016,mixing,bitcoin,1,0.7483409146455335
TX_000437,2024-10-26,0x753bbe84fe9f5deec86b413129b235b29d00f884,0x05b7dd2150a457651b77a42ba74288be6c7c444e,0.2339450682607845,264.6361900621716,mixing,ethereum,1,0.2714020259106179
TX_000445,2024-12-11,0x38ed2b498f529853fd3f760f572d891d5b0bae1f,0x939e7af92ecead62e53567d53868e240ab700dff,0.7184083132069351,13020.839048818309,transfer,bitcoin,1,0.2222463221861514
TX_000453,2024-11-26,0x81b6417aeccf53c312e62c4955d3526631a62e01,0x66ed4ff52fb3fa52eff62e8315d8c991e3486458,1.7663894424623727,1379.5137316077194,exchange,ethereum,1,0.4285859461418594
TX_000459,2024-02-13,0x2f69b06576322e3fe88c14f03173f4a3444a2621,0x324804a3466608e6e3315cb92e045a44b9cdadc7,0.6530672426011942,6494.395493344254,exchange,monero,1,0.5333933191509503
TX_000461,2024-08-24,0x69247cc754c180a1c0b33447aea25bcb2c1708a6,0xa960a82a36440141092a09777661864374531b6b,0.1639819752390208,5870.762351350266,payment,bitcoin,1,0.7057877330597222
TX_000467,2024-11-13,0x59d8d893f01f7d97de1f3063ad78b82455975536,0xa034ba352959d0e5c79dc7f0dec6d9f9b3db5ff5,0.530551055170604,8967.94200045604,payment,monero,1,0.0500860914179002
TX_000468,2024-03-22,0xdd7262700d598bd35fb4be058eeb2ae2d1c392b1,0xe49f8a97b53c3c8dbc3c6d514289093c38df010f,0.3135909469970845,9955.176795739457,exchange,monero,1,0.7314545582872253
TX_000472,2024-01-16,0xf95af5177da6a87d8e851b62c689d91dc5c58c8e,0x4bdfb28b6fbb6df7a41a82ad1994725f81e796f2,0.4065189388213909,20314.4407776782,transfer,ethereum,1,0.9695803540468196
TX_000479,2024-07-09,0x0b678103c49b0452be6d532429885ca5bd331937,0x9fd9086dab6b08bb7ab9b4308e7c133c62f7a69b,0.0453578755909556,2506.712706524212,mixing,ethereum,1,0.4710987552429324
TX_000484,2024-08-01,0x88ac67500f51d70c17fb5b911adf6447bfb6bd83,0x06a6e48fa141d1fba863fdad7aac3f0bd9d29b01,0.1057488769761467,8338.090405748033,transfer,monero,1,0.6895002394401333
TX_000493,2024-03-09,0x170b8709be8121cfd7f191fe06b194422cb25d3c,0x6d228fdf6b0f2a05c167eccfcef5493874c07766,0.6183632826281168,4555.577485586902,transfer,bitcoin,1,0.2495455579425159
TX_000497,2024-01-29,0x94d8a61a012a1a29eaaebdbf83b8a2b0a499d131,0xbda6dfa599cbdfa891d607f377334c650528284b,0.2029113320930975,11.121576428744914,mixing,bitcoin,1,0.6190954818875669
TX_000498,2024-12-21,0x1c2431eaddff91d56b95605a2073f979da33bd93,0x9e78869e076359f137393d3fdfb98a1f62b30bef,0.938952271310944,2676.4733778426207,exchange,bitcoin,1,0.5675065337421009
TX_000502,2024-04-22,0xa93fec781688b405ef701ccf041fe99d30674170,0x69ca01896a2ef40c92a3364861caaf7a16495fa3,0.140962225342605,25235.592550951736,exchange,monero,1,0.4063940741713006
TX_000504,2024-09-06,0xb2ced78c65347212b670c68bcdde2e273d74d2e3,0xdf9e99da9be7a48ae60ac06a68161d9b914f8890,0.3047818727970256,715.470099165823,transfer,monero,1,0.4255828540360123
TX_000508,2024-12-12,0xf6edb2f9755de042fef9e0766b9d993cea5fc8ed,0x2e3f905e5814464bd93be9bed174c3812e7a389c,0.1648113325226737,3179.44290905202,transfer,monero,1,0.2514497798640344
TX_000511,2024-06-01,0x0c19965b76d9c725c6ef9a006cac22e4efa51f25,0xa8f0b300d840a26d1318b8bdecfecc6d61b9fbf7,0.007347129002259,670.6326028365974,exchange,bitcoin,1,0.7147175647021545
TX_000521,2024-05-19,0xe490da351c670c3a3c4dbb386c10805fee1f354f,0xd8bf092bcc9a6d01d58b8b7d210aa8cd4bf299a4,0.6776778198794402,8402.88392353053,transfer,monero,1,0.4077429440609115
TX_000524,2024-11-01,0xe3bed4a7e3213a9dc3c94c6814fa98bdc201d5f4,0x078af4969c3e5134d8c87cebd356c0c03293cc81,0.9592878339376948,1540.0475363259554,transfer,monero,1,0.3073743272400289
TX_000526,2024-05-31,0x36cffe11019d7a77ef00b9357c1cf2593b163776,0x55f302a961354d548afbcf130bc60599c81f0bea,0.0963738693458556,19862.694370920755,payment,bitcoin,1,0.1363017234258097
TX_000530,2024-10-23,0xfe78aa1ac3a8425e2d425bf94d8f2576f5de1fe6,0xfee55a9649cd2aa26ad9039d7304e087d6436274,0.0974868819603081,575.079300079404,mixing,monero,1,0.1484374036246405
TX_000534,2024-10-07,0x119e8d34ca859b886db984f4b793866ce236aad4,0x5739a1d34848874db14a0716ea1badd49ff65dc4,0.1961643356454317,5902.796981944976,exchange,monero,1,0.4529307983390647
TX_000544,2024-08-13,0x98b3c36da8600330591a47e2f86804bc233ab69a,0x41a311b73bd36388bdd25e623d0a869f6e8bde57,0.1105073984354654,10687.471535119012,mixing,ethereum,1,0.9630179968076062
TX_000553,2024-07-23,0x95421282201ab21756051ce5262826b37d178c75,0xa9a7ded03ee6b8b2bab57a2ff5885402e2b34fa7,0.2179488493357295,846.9854927734041,payment,monero,1,0.5777920612391232
TX_000568,2024-11-26,0xda83b3e87be17088ce7a44c2430ff8e9d32504fe,0x4faca63b725e583f690a013b53e5f18a26f073da,1.2685535417403355,1858.1512777414705,transfer,bitcoin,1,0.5735863620982109
TX_000596,2024-08-31,0xec54d41d6b3d273ea3708df6eb1afb57a45b97c5,0x1644c7c8efd7f919a6a4d62361100b05c4e9740b,0.795121790653145,20843.6006543319,exchange,bitcoin,1,0.5654973052070956
TX_000601,2024-04-11,0xde91a6d31a5ab1f91606940f5608e602f431fe03,0x5bf233e3b0c33589f5566f070e8dde3878ed5832,0.2063537316953476,2165.947645325376,exchange,bitcoin,1,0.2453277973346053
TX_000609,2024-09-08,0x5d58079cc4c5502b5dedaa85febc508f3e102240,0x896e2e7919b76b43a9bd90c35e518cc03317a11e,0.3881725836821968,2360.2540290078705,payment,ethereum,1,0.208889726266455
TX_000612,2024-08-17,0x8c2ddd0174a65cff05a63776fae155beb6517e38,0x0d4eaf102ec2c9f890a18d4859927c818374c534,0.3921624906448743,9129.613029868284,payment,bitcoin,1,0.5471565532110789
TX_000621,2024-03-17,0xecb41a3aa149cb19ed89578ec7445d0ca715dd8c,0x056fc52a8c993442b17f64c09073c3d814559bd2,0.0107186402828061,9104.34423586076,mixing,ethereum,1,0.4278501507046225
TX_000629,2024-04-02,0x7ced131d1103188faa65b2dbde608355a23ca92c,0x717b7ed238ce89c8f9507c8e7ec0b588663694a9,0.2480138911396053,18906.24515484191,exchange,monero,1,0.6358460481306217
TX_000630,2024-09-17,0x50778502e0ece42d128af7c2a14bbcb03704b356,0x401819ab1e8216b8ac5bf6cc2a2e764582b2da5a,0.5098267637976542,2007.8125477913836,exchange,bitcoin,1,0.1028292445266867
TX_000631,2024-11-22,0x80a9f359667d9777fbe758254efe733cef9a9c4a,0x74d02c738cf593394c6db6c964bc8179724d79c8,0.3611862138822943,0.0836819899373689,payment,bitcoin,1,0.0907726782683501
TX_000634,2024-02-09,0xa0f1261c416977cfe79e80b0dedd91ae5d04e4ee,0x67b8ec130276fee7ea5f4bb9848eeec3b4052ae9,0.3195143787281491,1960.009901818064,payment,ethereum,1,0.6499997025236955
TX_000638,2024-04-08,0xc0648108795e477d4b6cc03192b0aa1c07f32012,0x3e73ee7d4f0dd870b2f2e46009c5d4bbc2c23eca,0.6070000958494931,6401.499549477845,mixing,monero,1,0.4007909449844936
TX_000654,2024-06-06,0x7077e2d99bb5cc3c0d04bf7016f7bd2abcf708b1,0x55b118b11ff2e8df5aeeb5b94e6ae3e9926ffd90,0.4350281793453752,217.1077006018491,exchange,bitcoin,1,0.5632139566371424
TX_000657,2024-05-12,0x531594a8a5df2a4e9787e282798639e82e219e20,0x0d6e551e097713cc3e1a8bd33ee349bb732a0138,0.5889233584883161,1166.7341876701958,mixing,ethereum,1,0.0619968773159217
TX_000674,2024-05-29,0xf01f1e3624a84808d474dbf5712a844892d3ffff,0xf11d7bd2415951e3a1d93cca6493ef992ccc513b,0.1440470709008231,2055.3268167994224,mixing,bitcoin,1,0.3385269046526759
TX_000677,2024-05-25,0x4ed6ddfe51f243da57723f01c8eb991b5df65787,0x8162088ba3863b1fc47995fbdba43afe5cfa2108,1.0809512427234391,2976.3013639779906,payment,ethereum,1,0.9292994805324812
TX_000679,2024-11-11,0xc5dda6145302fd98c5183ac796ba2e731a40c7d7,0x72e7138e01e189e4ac399e3628f4a809bd71ed73,0.1851530472013364,2661.817566968637,mixing,bitcoin,1,0.764334812853446
TX_000681,2024-04-04,0xc2bcecb2c107d88a7408f5be67c45bfc661dabd0,0x72506a6c1439c8bc12c0942bf3e35966edea724b,1.385883016292107,3095.3359153358306,transfer,bitcoin,1,0.377354229289869
TX_000684,2024-12-05,0x9a990a79dd66a5b3a7162d2d6b2ee47dc3661df7,0xc4b154a1741f010992d2b90696c843f477b3b7c3,0.1003477949543515,7791.861706218846,payment,ethereum,1,0.8099074102357671
TX_000686,2024-07-27,0xecff91f847c3d89612d141f4c81866d47f6515d1,0x0f44a802f23bfc6e6e94d861b2af6468827c5c3e,1.0947168020787548,1592.0938760468357,exchange,monero,1,0.462600960543117
TX_000690,2024-04-28,0x84520afb17c0964fc5f735da261b7c6bb7f12fb3,0xf7a3527c2efe66e229f9bafd7ae214a670b1c682,0.1178200028404776,1112.764668179741,transfer,bitcoin,1,0.3497011085694196
TX_000694,2024-02-11,0x7884338e79e9b6fb23ef8dc7bb0f2dfb911cc75b,0x364950345542ae1e60bb4361ac78ceb9e04348eb,1.8629825574501309,671.0070487608566,exchange,bitcoin,1,0.8904169226102256
TX_000711,2024-08-05,0xcbd8e8697bb37d5fcf262af6432737929c85ef44,0xe20f9c0a142c6112fcb0142eaf951ed7f324d780,1.3451360376307222,15229.305493367305,payment,monero,1,0.7420794122839406
TX_000716,2024-10-30,0x603903e2105b658b81ee18040685d1582f87ecb6,0x51c7fd01d45e857efb6013fb073f66788d68fe49,0.1116561419186974,3188.3244106600696,exchange,bitcoin,1,0.4286887796123935
TX_000722,2024-01-25,0x3dddb53cfe815ac2931af797095056e1878e9c33,0xe50c892ba055669af3f425cde688bcf436d23e84,0.7089904901279586,3157.809869531418,mixing,ethereum,1,0.1559351149459431
TX_000726,2024-02-21,0x88b7241d2034b1ee2b55e6bf834a1f5f34f65759,0xaefa89ac84e5e4c03edac0b026e0f69d9efcf084,0.2790625986469889,597.2117178560605,exchange,ethereum,1,0.3780634584369134
TX_000727,2024-10-17,0xd7cdd3b620c885fe1f7956c02e090bbac03c66bc,0xce5eb8a224cc623d1898ca1f4075fd991194688b,0.1611948852031014,104.44811597022826,transfer,bitcoin,1,0.9035609425685026
TX_000728,2024-03-14,0x4b5146d85bd93286adc5f6e7422c170b728bdba1,0xeea5150aac1b2490fb9cdccf44326a6062c2e5e5,0.7866034719800279,12202.44884549434,payment,monero,1,0.4523746016562262
TX_000747,2024-07-17,0xf2f4c295f1551555bcd46ceb4a0b821957131bb8,0xbe60fd0e9c100dfd939bfb202023acadd722c8a8,0.3589481032758131,3525.192795775542,mixing,monero,1,0.3891833851131286
TX_000750,2024-02-12,0x0263e1d4fe4e1eea593d02d896c5d0f8c80dcce5,0xa7b4344dc92337459187794f4e2caf18e57349f4,0.0038903964389008,18616.0840627557,mixing,bitcoin,1,0.6712210234300083
TX_000753,2024-05-02,0x0f079991c881215e6b52be2b1f1ab4afa758a493,0x6bb195424e9627e63cec49af31be807f3826e2e9,0.1953323793760528,4220.8424210679705,transfer,monero,1,0.086071076207677
TX_000756,2024-08-14,0xb80e52f37e373850c91696207cc9daea9e6970d2,0x6d1d7ec2c516c3512ef230fc5a537f49d369e9f7,0.400239887769538,10828.702681964733,exchange,ethereum,1,0.0170753230243099
TX_000762,2024-03-31,0x91e8c04475553e02cce9ba54904103568477a822,0x4e055a7c9e1a8ac508790f7c64ec5388ce9d0fb8,0.914586501899356,5081.389402769443,exchange,ethereum,1,0.0511315924773957
TX_000769,2024-10-26,0x198bd4a79313ba3a89a5e9e5450c4b573d4f369f,0xc8e13faf5649b9c6dae372c24529e1495f262ebc,0.0071096247776152,8941.733032843673,payment,ethereum,1,0.1158505224782705
TX_000770,2024-02-10,0x5d35c3b7aee27c157058fec991ac014506a3ff8e,0x1dc93267250410c69341f7eac9d26a090d60b887,0.5427783678411257,3702.800838771411,exchange,monero,1,0.8128995692714147
TX_000779,2024-08-22,0x5fe6945001ad3a865e04abc34a8bf2372c2c8490,0x166a212b7b8a7a1bc85b184e50fbcd1f031cf023,0.068867904203659,1325.744511822447,payment,monero,1,0.8324237819352568
TX_000788,2024-06-17,0xf577d40568f1bc1904121a3a289b16ead2973d38,0x43b513fc7d02e31b15527b214c6011795dcceec3,1.017309921187649,2677.801279617812,mixing,monero,1,0.3847722106851854
TX_000800,2024-09-15,0x6a15f0d66b33e941893a8d280636fd9ef533763a,0xa3d9cd069bd5a089793ee471591eba74b921370f,0.1907128836679045,1486.728903744326,transfer,bitcoin,1,0.7238494386955521
TX_000815,2024-07-08,0x1c0be9bb9cda25f9a505f465bb61b0d681b6252c,0x443c5e794d7eb4c27b3d2f25794002bb510e6ddb,1.0053950699806369,2653.515553156225,mixing,monero,1,0.5157099385271282
TX_000820,2024-10-20,0x8d61a1f279e8cd28bb9fb74a92a68b52f467cfdb,0x6d38793c53049da20117f3f239004686a427fb63,0.3010881824975148,7236.143498378045,transfer,bitcoin,1,0.9419691857158768
TX_000821,2024-01-02,0x319f1b270d65d18cb4126690e9daab357f2fd277,0x0c2a718d3efdf69b6b76a3cb64eb9629a661768b,0.1453767795461943,5154.934072505997,transfer,ethereum,1,0.6171270439589308
TX_000823,2024-05-25,0xb28cf83f3a76a45e2de5c79fdfca827b214d3c45,0xef6c39b3e1473ace1852cd9a45f84f80be930119,1.102295857133567,6931.1297477524095,transfer,ethereum,1,0.0866790421472031
TX_000828,2024-09-26,0x0f894d7233f7eb8268132738003229b1d99170de,0xa16eb846a7d739603bcfdc4d9cdb6b53e2ad59ed,0.4352110631280748,4431.656440753523,payment,monero,1,0.691191086652746
TX_000831,2024-06-14,0xfc9594c56af8bbd6394fec5cf8446f12b199bd12,0xbb192be7a6fcdbec64b92005ef369990c56f0188,3.345334234140488,2684.894715483052,exchange,bitcoin,1,0.1971177222098163
TX_000841,2024-08-30,0x02cbf316200253061b4f76ab7c9dfa5f6858efcb,0x5cff194a8228fc23b83f417c8932ef3cc6f0aa1f,0.2087832365259867,12542.671086901584,exchange,ethereum,1,0.05306986561759
TX_000849,2024-08-05,0x71726c83ea58afa4b02ae8f2aa9134668c7cef1b,0xc22e028108ff47a37b4555199862137891fd572a,1.1145274570544663,1647.7341754525123,exchange,ethereum,1,0.0466157648456748
TX_000858,2024-07-25,0x54ccd64d13063c3c3273780e357d5b5938f6da50,0xd107e35fc0266a7fd163e53e8d00f44a76a27d32,0.2413330391502664,1786.204874760961,transfer,monero,1,0.6651565239056132
TX_000859,2024-01-24,0x1b5afe0eeaf40c2bbb64ebe900fe7adc86c2b529,0x18db6482cccf578307925f35b26142f4287d17d7,0.715715669074475,3599.5157987432763,payment,ethereum,1,0.6171241572546758
TX_000860,2024-10-10,0x3b32954a882c8cb2304b8e1391d782ce8556b45a,0x92941951e3e20770b5b0c80ef280e1367004f7e0,0.0243770318703957,1910.0990188076,mixing,ethereum,1,0.9398969820112626
TX_000873,2024-05-29,0xb3b3bc724fa4183881881fac58f316e85afad303,0x3a98370482acf5a95a536259421be0704f40848a,0.8094073015735878,27382.69900820396,transfer,monero,1,0.937889071422054
TX_000876,2024-09-18,0x00e53a308ba2e49072de0950ee243f65b2fa77d1,0xa8c67681ee3171756aec5db830f8ffc970c95d9b,0.1189493411903733,683.2845554365572,exchange,monero,1,0.1243582213681637
TX_000878,2024-01-10,0xcff263438fa6c3fc716a07cdbdce5b48828cec81,0xb3c4a13976b7d66a6f120e19510ef7862f03c9ea,0.0375131800532923,6240.739285214509,transfer,ethereum,1,0.3198859681733381
TX_000893,2024-05-24,0x34bdf158f771e37a0727561e05b23ce821f1151a,0x0901ed2c17ff5e0508d2b001c506ab36f3fa3d39,0.5061447964914721,3447.3759262005638,payment,monero,1,0.204423790664404
TX_000901,2024-01-10,0xff430db79fb2c334283d9eafa35e7c633494b0c7,0xb4ac440440c37365ee4f8c74d96fda8629af4b8f,0.1894218532411897,2284.872698234834,transfer,ethereum,1,0.1687069780744975
TX_000908,2024-04-04,0xe85a00da672833278010d396d6b5caf4a3bcfd76,0xd3245bfc72dec54c6d86a5ff8f93d0755de49a25,0.2760558588912649,960.2841092064532,mixing,ethereum,1,0.003508349553436
TX_000916,2024-04-17,0x759d326c160c94e8cec07887f3dd606540790f0d,0x448e355c615c821cf7f0af7f488304689885142b,0.8926510138734369,5688.602469329184,mixing,ethereum,1,0.8464040844196341
TX_000918,2024-10-05,0x6f66481317ba0f8bcd4ab2ba30f2a7b118440cf5,0x8c2b3dd836838ef63f2526062856859a1e5516db,0.1065621360867277,1887.691755675674,payment,bitcoin,1,0.4458209319723268
TX_000922,2024-11-22,0xfb87517bd37e637aaba1856902d94eb6084cb269,0x1ddcb31d321129b363a63272ae71cd2325897319,1.0153249898623904,4974.081442651109,transfer,bitcoin,1,0.8777145176255143
TX_000927,2024-07-16,0x3b7d22aa79c96691b69a92d6c3c775cb2552a3e1,0xd81aaf1cf293b98c41275c433f7b5445ecaa2604,0.5324905322067621,2547.009901119518,transfer,monero,1,0.7236619282196818
TX_000930,2024-02-20,0xa6ebc77ff4e0cac33ea272c415e5770419b49b83,0xdd6e51949ecde88ee82884c5699954c03cd77bc5,0.7130806923874576,6967.37703229284,transfer,ethereum,1,0.2883722104145233
TX_000932,2024-12-25,0x1dc741662d0af313710adfee296cb5567229c7ff,0xd68f0b77693dbefd615dbeae44a7073c95507ce3,0.4569748786861335,478.606460449309,payment,monero,1,0.4153957063131808
TX_000942,2024-08-25,0x221c04b3feca10dd2c5c19ec6a6a2d08a41e7b99,0x6345ef52837c3ef50df1e52a60d22db0ef37a66d,0.5903571201559071,19377.859557625223,payment,monero,1,0.8344505400447328
TX_000943,2024-10-29,0x3a9b6dc4c297104a3af9e6ec8f5a0ef7132514af,0xe4dc39510cf6c365a8b95268da9bbc5673430561,1.702846773433462,16813.195072468498,exchange,ethereum,1,0.2700696840143848
TX_000944,2024-03-16,0x8e211e8512ed01e1a162ceda314d8b86b7cd44b2,0x5da19c40233175852b1825916d0808a0070ef723,0.2476291472045762,8043.209008686445,payment,ethereum,1,0.0314930534760461
TX_000962,2024-03-30,0x87995671f4c6742e54788bb5e3383784c52b44ed,0xcb97723dc74db0621b940d89de456d8a4bf3b24d,0.1719803471391826,9466.315289755988,payment,bitcoin,1,0.7070727086326672
TX_000963,2024-05-22,0xf1958ae6d71acd8294d636f7ec9d93fe4a2472ef,0x99c2471c37ed47f5049fe1f6d93104a9c77bc915,0.7280706505721273,431.1534860950835,transfer,bitcoin,1,0.0837144085698052
TX_000972,2024-09-24,0xc277f9a13700fdd3a1f07132e172e89482b4d9f5,0x49d280bd211d296c5b8f9ca9d2fc4e82b78aea6c,0.1004608486071436,180.33009935884908,payment,bitcoin,1,0.8434799483621692
TX_000978,2024-06-30,0xde9e37922b6cab8caf330f0cd2bc6ce831558e37,0x2b578f763260652d210fa4c665ae95a6ef74061a,0.2283143650378502,2785.9486530703825,payment,monero,1,0.0954259206425767
TX_000981,2024-10-08,0x1ba98b399cc07362ab8ec442a821ac8bb89bc33c,0x4a4ec9d7efacca61a169b93589a3e68d09a1cf8c,0.84765910301592,4037.183243470076,payment,monero,1,0.8680237210239841
TX_000990,2024-10-18,0x16f5ae15c7c0f301f05a503ddd37514393b742ff,0x1d4ae5b5fa3c345bcd7bc9071ae63e754f99d43d,0.0695076450793814,10464.502513144702,mixing,monero,1,0.3501397539785909
TX_000997,2024-02-19,0x2ce645256d711d574d0a0983b90a71b1008c05b6,0xd13ec7f8459b66fe2c1978a77e1a357c1b70a5f7,0.3568855409583872,2643.885578147449,mixing,bitcoin,1,0.0622393071240596
